id,name,assessment,score,sub_date,due_date
gs996,Gayle Schmitt,Assignment 1,58,9/16/18 0:22,9/28/18 18:00
ml735,Maci Lakin V,Assignment 1,75,9/15/18 4:48,9/28/18 18:00
ec563,Eliezer Casper,Assignment 1,88,9/9/18 19:11,9/28/18 18:00
lm706,Leonie Morissette,Assignment 1,53,9/20/18 11:49,9/28/18 18:00
nj596,Nettie Jacobs,Assignment 1,96,9/12/18 4:57,9/28/18 18:00
et817,Eliza Tillman,Assignment 1,,,9/28/18 18:00
mb898,Marilie Bauch,Assignment 1,81,9/1/18 19:53,9/28/18 18:00
io275,Isobel Oberbrunner,Assignment 1,,,9/28/18 18:00
am774,Alvis Mohr,Assignment 1,55,9/9/18 12:22,9/28/18 18:00
ek509,Elwin Koepp,Assignment 1,61,9/23/18 20:44,9/28/18 18:00
hb479,Hassie Bins,Assignment 1,,,9/28/18 18:00
ro942,Robert O'Kon,Assignment 1,89,9/18/18 10:13,9/28/18 18:00
mz663,Mariane Zulauf,Assignment 1,,,9/28/18 18:00
tb384,Terrance Brakus,Assignment 1,97,9/30/18 21:42,9/28/18 18:00
lb616,Lucinda Bergnaum,Assignment 1,98,9/9/18 9:29,9/28/18 18:00
ll599,Lura Langworth,Assignment 1,,9/2/18 17:56,9/28/18 18:00
mh805,Mitchell Hills,Assignment 1,90,9/23/18 5:51,9/28/18 18:00
hs310,Heidi Sawayn,Assignment 1,60,9/10/18 6:08,9/28/18 18:00
an298,Abdullah Nikolaus,Assignment 1,63,9/22/18 3:55,9/28/18 18:00
ko386,Kolby Okuneva,Assignment 1,,,9/28/18 18:00
su539,Shayne Ullrich,Assignment 1,60,9/4/18 13:21,9/28/18 18:00
ob393,Orrin Bashirian,Assignment 1,56,9/28/18 7:49,9/28/18 18:00
bw499,Bailey Weber IV,Assignment 1,94,9/13/18 1:08,9/28/18 18:00
mc873,Mervin Cole,Assignment 1,91,9/18/18 1:02,9/28/18 18:00
fp153,Freddy Pfannerstill,Assignment 1,90,9/28/18 16:44,9/28/18 18:00
rr437,Raquel Romaguera,Assignment 1,64,9/26/18 22:32,9/28/18 18:00
jk597,Jazmin Kuhic,Assignment 1,74,9/24/18 0:34,9/28/18 18:00
ms180,Mallie Simonis,Assignment 1,85,9/8/18 6:35,9/28/18 18:00
js500,Jodie Stark,Assignment 1,67,9/30/18 8:03,9/28/18 18:00
vm985,Vada McLaughlin,Assignment 1,53,9/18/18 12:42,9/28/18 18:00
ta555,Taryn Anderson,Assignment 1,75,9/3/18 6:58,9/28/18 18:00
jd503,Jacquelyn Davis,Assignment 1,58,9/15/18 4:26,9/28/18 18:00
sk537,Sheila Klocko,Assignment 1,85,9/16/18 17:20,9/28/18 18:00
bs507,Baylee Stark,Assignment 1,63,9/17/18 1:41,9/28/18 18:00
ar858,Alejandrin Rohan,Assignment 1,87,9/1/18 17:44,9/28/18 18:00
oh966,Ole Heidenreich,Assignment 1,78,9/14/18 14:14,9/28/18 18:00
mn698,Myrna Nader DDS,Assignment 1,97,9/18/18 19:10,9/28/18 18:00
mj877,Miss Junior Lehner,Assignment 1,71,9/14/18 3:43,9/28/18 18:00
al265,Albertha Lemke,Assignment 1,56,9/21/18 23:26,9/28/18 18:00
ew570,Elza Wehner,Assignment 1,55,9/6/18 7:49,9/28/18 18:00
ma355,Miss Arielle Predovic,Assignment 1,52,9/24/18 22:17,9/28/18 18:00
cb462,Curt Beahan,Assignment 1,82,9/4/18 21:20,9/28/18 18:00
js515,Jamal Schneider,Assignment 1,50,9/19/18 2:26,9/28/18 18:00
jk635,Justice Kub I,Assignment 1,77,9/18/18 17:07,9/28/18 18:00
dl257,Dorothea Langosh,Assignment 1,,,9/28/18 18:00
ls526,Lukas Schaden,Assignment 1,68,9/25/18 12:01,9/28/18 18:00
bg495,Barrett Gibson,Assignment 1,93,9/5/18 17:23,9/28/18 18:00
bn978,Bertha Nienow,Assignment 1,,9/21/18 20:38,9/28/18 18:00
mq505,Miss Quincy Daniel,Assignment 1,80,9/22/18 16:12,9/28/18 18:00
vz454,Vilma Zieme,Assignment 1,55,9/21/18 20:04,9/28/18 18:00
gs996,Gayle Schmitt,Assignment 2,84,10/23/18 22:44,10/28/18 18:00
ml735,Maci Lakin V,Assignment 2,58,10/10/18 23:04,10/28/18 18:00
ec563,Eliezer Casper,Assignment 2,65,10/19/18 2:39,10/28/18 18:00
lm706,Leonie Morissette,Assignment 2,58,10/12/18 3:25,10/28/18 18:00
nj596,Nettie Jacobs,Assignment 2,60,10/8/18 6:34,10/28/18 18:00
et817,Eliza Tillman,Assignment 2,66,10/24/18 5:14,10/28/18 18:00
mb898,Marilie Bauch,Assignment 2,53,10/13/18 2:45,10/28/18 18:00
io275,Isobel Oberbrunner,Assignment 2,67,10/8/18 19:16,10/28/18 18:00
am774,Alvis Mohr,Assignment 2,60,10/22/18 16:15,10/28/18 18:00
ek509,Elwin Koepp,Assignment 2,66,10/28/18 3:01,10/28/18 18:00
hb479,Hassie Bins,Assignment 2,61,10/4/18 5:21,10/28/18 18:00
ro942,Robert O'Kon,Assignment 2,71,10/22/18 22:26,10/28/18 18:00
mz663,Mariane Zulauf,Assignment 2,56,10/14/18 7:02,10/28/18 18:00
tb384,Terrance Brakus,Assignment 2,90,10/15/18 3:58,10/28/18 18:00
lb616,Lucinda Bergnaum,Assignment 2,51,10/23/18 19:24,10/28/18 18:00
ll599,Lura Langworth,Assignment 2,69,10/10/18 0:10,10/28/18 18:00
mh805,Mitchell Hills,Assignment 2,68,10/20/18 11:10,10/28/18 18:00
hs310,Heidi Sawayn,Assignment 2,84,10/23/18 4:49,10/28/18 18:00
an298,Abdullah Nikolaus,Assignment 2,,,10/28/18 18:00
ko386,Kolby Okuneva,Assignment 2,75,10/2/18 21:21,10/28/18 18:00
su539,Shayne Ullrich,Assignment 2,50,10/19/18 2:47,10/28/18 18:00
ob393,Orrin Bashirian,Assignment 2,,10/14/18 2:23,10/28/18 18:00
bw499,Bailey Weber IV,Assignment 2,78,10/1/18 9:51,10/28/18 18:00
mc873,Mervin Cole,Assignment 2,55,10/22/18 23:56,10/28/18 18:00
fp153,Freddy Pfannerstill,Assignment 2,67,10/4/18 15:48,10/28/18 18:00
rr437,Raquel Romaguera,Assignment 2,,10/11/18 8:56,10/28/18 18:00
jk597,Jazmin Kuhic,Assignment 2,63,10/24/18 2:23,10/28/18 18:00
ms180,Mallie Simonis,Assignment 2,84,10/17/18 10:22,10/28/18 18:00
js500,Jodie Stark,Assignment 2,57,10/1/18 22:20,10/28/18 18:00
vm985,Vada McLaughlin,Assignment 2,95,10/18/18 20:40,10/28/18 18:00
ta555,Taryn Anderson,Assignment 2,82,10/6/18 21:50,10/28/18 18:00
jd503,Jacquelyn Davis,Assignment 2,54,10/27/18 6:58,10/28/18 18:00
sk537,Sheila Klocko,Assignment 2,,10/22/18 20:51,10/28/18 18:00
bs507,Baylee Stark,Assignment 2,,10/11/18 18:21,10/28/18 18:00
ar858,Alejandrin Rohan,Assignment 2,52,10/6/18 11:28,10/28/18 18:00
oh966,Ole Heidenreich,Assignment 2,63,10/12/18 12:57,10/28/18 18:00
mn698,Myrna Nader DDS,Assignment 2,58,10/3/18 21:34,10/28/18 18:00
mj877,Miss Junior Lehner,Assignment 2,97,10/1/18 12:55,10/28/18 18:00
al265,Albertha Lemke,Assignment 2,56,10/2/18 22:47,10/28/18 18:00
ew570,Elza Wehner,Assignment 2,,10/13/18 3:09,10/28/18 18:00
ma355,Miss Arielle Predovic,Assignment 2,97,10/12/18 6:10,10/28/18 18:00
cb462,Curt Beahan,Assignment 2,70,10/18/18 10:35,10/28/18 18:00
js515,Jamal Schneider,Assignment 2,55,10/17/18 10:27,10/28/18 18:00
jk635,Justice Kub I,Assignment 2,78,10/3/18 6:07,10/28/18 18:00
dl257,Dorothea Langosh,Assignment 2,98,10/24/18 17:29,10/28/18 18:00
ls526,Lukas Schaden,Assignment 2,71,10/24/18 18:49,10/28/18 18:00
bg495,Barrett Gibson,Assignment 2,98,10/26/18 16:52,10/28/18 18:00
bn978,Bertha Nienow,Assignment 2,53,10/22/18 21:22,10/28/18 18:00
mq505,Miss Quincy Daniel,Assignment 2,92,10/16/18 12:13,10/28/18 18:00
vz454,Vilma Zieme,Assignment 2,96,10/26/18 3:38,10/28/18 18:00
gs996,Gayle Schmitt,Assignment 3,,,11/18/18 18:00
ml735,Maci Lakin V,Assignment 3,57,11/12/18 1:58,11/18/18 18:00
ec563,Eliezer Casper,Assignment 3,99,11/11/18 4:18,11/18/18 18:00
lm706,Leonie Morissette,Assignment 3,89,11/6/18 3:08,11/18/18 18:00
nj596,Nettie Jacobs,Assignment 3,77,11/16/18 19:44,11/18/18 18:00
et817,Eliza Tillman,Assignment 3,59,11/2/18 13:53,11/18/18 18:00
mb898,Marilie Bauch,Assignment 3,70,11/4/18 23:59,11/18/18 18:00
io275,Isobel Oberbrunner,Assignment 3,80,11/15/18 8:16,11/18/18 18:00
am774,Alvis Mohr,Assignment 3,97,11/20/18 19:15,11/18/18 18:00
ek509,Elwin Koepp,Assignment 3,93,11/13/18 18:14,11/18/18 18:00
hb479,Hassie Bins,Assignment 3,97,11/13/18 0:15,11/18/18 18:00
ro942,Robert O'Kon,Assignment 3,68,11/6/18 19:29,11/18/18 18:00
mz663,Mariane Zulauf,Assignment 3,,,11/18/18 18:00
tb384,Terrance Brakus,Assignment 3,57,11/4/18 0:04,11/18/18 18:00
lb616,Lucinda Bergnaum,Assignment 3,85,11/16/18 15:38,11/18/18 18:00
ll599,Lura Langworth,Assignment 3,59,11/6/18 22:14,11/18/18 18:00
mh805,Mitchell Hills,Assignment 3,75,11/2/18 10:45,11/18/18 18:00
hs310,Heidi Sawayn,Assignment 3,,11/19/18 21:51,11/18/18 18:00
an298,Abdullah Nikolaus,Assignment 3,84,11/12/18 21:01,11/18/18 18:00
ko386,Kolby Okuneva,Assignment 3,56,11/14/18 14:07,11/18/18 18:00
su539,Shayne Ullrich,Assignment 3,54,11/5/18 7:11,11/18/18 18:00
ob393,Orrin Bashirian,Assignment 3,64,11/11/18 1:01,11/18/18 18:00
bw499,Bailey Weber IV,Assignment 3,68,11/18/18 23:38,11/18/18 18:00
mc873,Mervin Cole,Assignment 3,93,11/13/18 6:33,11/18/18 18:00
fp153,Freddy Pfannerstill,Assignment 3,52,11/12/18 10:16,11/18/18 18:00
rr437,Raquel Romaguera,Assignment 3,88,11/14/18 1:50,11/18/18 18:00
jk597,Jazmin Kuhic,Assignment 3,55,11/11/18 15:37,11/18/18 18:00
ms180,Mallie Simonis,Assignment 3,90,11/15/18 1:47,11/18/18 18:00
js500,Jodie Stark,Assignment 3,88,11/6/18 19:15,11/18/18 18:00
vm985,Vada McLaughlin,Assignment 3,94,11/10/18 13:21,11/18/18 18:00
ta555,Taryn Anderson,Assignment 3,69,11/20/18 20:33,11/18/18 18:00
jd503,Jacquelyn Davis,Assignment 3,54,11/8/18 0:02,11/18/18 18:00
sk537,Sheila Klocko,Assignment 3,50,11/17/18 10:19,11/18/18 18:00
bs507,Baylee Stark,Assignment 3,61,11/16/18 15:01,11/18/18 18:00
ar858,Alejandrin Rohan,Assignment 3,85,11/18/18 17:05,11/18/18 18:00
oh966,Ole Heidenreich,Assignment 3,,,11/18/18 18:00
mn698,Myrna Nader DDS,Assignment 3,51,11/7/18 7:34,11/18/18 18:00
mj877,Miss Junior Lehner,Assignment 3,82,11/8/18 10:10,11/18/18 18:00
al265,Albertha Lemke,Assignment 3,71,11/12/18 9:26,11/18/18 18:00
ew570,Elza Wehner,Assignment 3,88,11/2/18 23:46,11/18/18 18:00
ma355,Miss Arielle Predovic,Assignment 3,56,11/5/18 17:35,11/18/18 18:00
cb462,Curt Beahan,Assignment 3,70,11/8/18 0:59,11/18/18 18:00
js515,Jamal Schneider,Assignment 3,72,11/1/18 15:32,11/18/18 18:00
jk635,Justice Kub I,Assignment 3,81,11/1/18 9:56,11/18/18 18:00
dl257,Dorothea Langosh,Assignment 3,80,11/12/18 9:44,11/18/18 18:00
ls526,Lukas Schaden,Assignment 3,90,11/3/18 4:55,11/18/18 18:00
bg495,Barrett Gibson,Assignment 3,78,11/15/18 14:44,11/18/18 18:00
bn978,Bertha Nienow,Assignment 3,63,11/17/18 3:44,11/18/18 18:00
mq505,Miss Quincy Daniel,Assignment 3,67,11/10/18 10:55,11/18/18 18:00
vz454,Vilma Zieme,Assignment 3,53,11/3/18 2:12,11/18/18 18:00
gs996,Gayle Schmitt,Assignment 4,92,12/5/18 21:58,12/5/18 18:00
ml735,Maci Lakin V,Assignment 4,,11/29/18 18:56,12/5/18 18:00
ec563,Eliezer Casper,Assignment 4,90,11/24/18 4:35,12/5/18 18:00
lm706,Leonie Morissette,Assignment 4,89,12/6/18 22:36,12/5/18 18:00
nj596,Nettie Jacobs,Assignment 4,61,11/20/18 5:54,12/5/18 18:00
et817,Eliza Tillman,Assignment 4,70,12/5/18 11:37,12/5/18 18:00
mb898,Marilie Bauch,Assignment 4,,,12/5/18 18:00
io275,Isobel Oberbrunner,Assignment 4,75,12/5/18 8:59,12/5/18 18:00
am774,Alvis Mohr,Assignment 4,70,11/20/18 22:35,12/5/18 18:00
ek509,Elwin Koepp,Assignment 4,65,11/30/18 2:24,12/5/18 18:00
hb479,Hassie Bins,Assignment 4,94,12/6/18 18:03,12/5/18 18:00
ro942,Robert O'Kon,Assignment 4,64,11/24/18 13:47,12/5/18 18:00
mz663,Mariane Zulauf,Assignment 4,72,12/3/18 5:30,12/5/18 18:00
tb384,Terrance Brakus,Assignment 4,77,11/27/18 19:29,12/5/18 18:00
lb616,Lucinda Bergnaum,Assignment 4,87,11/20/18 1:03,12/5/18 18:00
ll599,Lura Langworth,Assignment 4,,,12/5/18 18:00
mh805,Mitchell Hills,Assignment 4,57,11/28/18 3:49,12/5/18 18:00
hs310,Heidi Sawayn,Assignment 4,100,11/23/18 19:26,12/5/18 18:00
an298,Abdullah Nikolaus,Assignment 4,,11/20/18 14:42,12/5/18 18:00
ko386,Kolby Okuneva,Assignment 4,65,11/25/18 12:01,12/5/18 18:00
su539,Shayne Ullrich,Assignment 4,90,11/27/18 9:56,12/5/18 18:00
ob393,Orrin Bashirian,Assignment 4,99,11/24/18 20:48,12/5/18 18:00
bw499,Bailey Weber IV,Assignment 4,78,11/22/18 0:33,12/5/18 18:00
mc873,Mervin Cole,Assignment 4,52,11/20/18 2:44,12/5/18 18:00
fp153,Freddy Pfannerstill,Assignment 4,89,12/4/18 11:45,12/5/18 18:00
rr437,Raquel Romaguera,Assignment 4,69,12/6/18 18:57,12/5/18 18:00
jk597,Jazmin Kuhic,Assignment 4,54,11/27/18 18:43,12/5/18 18:00
ms180,Mallie Simonis,Assignment 4,92,12/1/18 18:03,12/5/18 18:00
js500,Jodie Stark,Assignment 4,58,12/1/18 22:52,12/5/18 18:00
vm985,Vada McLaughlin,Assignment 4,91,12/7/18 1:24,12/5/18 18:00
ta555,Taryn Anderson,Assignment 4,80,12/6/18 20:35,12/5/18 18:00
jd503,Jacquelyn Davis,Assignment 4,52,11/25/18 3:25,12/5/18 18:00
sk537,Sheila Klocko,Assignment 4,79,11/24/18 18:20,12/5/18 18:00
bs507,Baylee Stark,Assignment 4,70,12/1/18 4:15,12/5/18 18:00
ar858,Alejandrin Rohan,Assignment 4,62,12/1/18 20:39,12/5/18 18:00
oh966,Ole Heidenreich,Assignment 4,84,12/7/18 7:23,12/5/18 18:00
mn698,Myrna Nader DDS,Assignment 4,72,12/2/18 21:01,12/5/18 18:00
mj877,Miss Junior Lehner,Assignment 4,,12/1/18 12:34,12/5/18 18:00
al265,Albertha Lemke,Assignment 4,52,12/4/18 4:21,12/5/18 18:00
ew570,Elza Wehner,Assignment 4,87,11/28/18 7:02,12/5/18 18:00
ma355,Miss Arielle Predovic,Assignment 4,64,11/21/18 14:05,12/5/18 18:00
cb462,Curt Beahan,Assignment 4,99,11/26/18 17:42,12/5/18 18:00
js515,Jamal Schneider,Assignment 4,,12/2/18 17:32,12/5/18 18:00
jk635,Justice Kub I,Assignment 4,57,11/29/18 0:46,12/5/18 18:00
dl257,Dorothea Langosh,Assignment 4,68,11/30/18 8:49,12/5/18 18:00
ls526,Lukas Schaden,Assignment 4,,12/2/18 22:14,12/5/18 18:00
bg495,Barrett Gibson,Assignment 4,88,11/26/18 2:34,12/5/18 18:00
bn978,Bertha Nienow,Assignment 4,52,11/22/18 18:39,12/5/18 18:00
mq505,Miss Quincy Daniel,Assignment 4,93,12/5/18 3:23,12/5/18 18:00
vz454,Vilma Zieme,Assignment 4,62,11/29/18 5:28,12/5/18 18:00
gs996,Gayle Schmitt,Assignment 5,60,12/18/18 6:52,12/15/18 18:00
ml735,Maci Lakin V,Assignment 5,72,12/12/18 17:49,12/15/18 18:00
ec563,Eliezer Casper,Assignment 5,92,12/17/18 5:26,12/15/18 18:00
lm706,Leonie Morissette,Assignment 5,56,12/15/18 12:17,12/15/18 18:00
nj596,Nettie Jacobs,Assignment 5,,,12/15/18 18:00
et817,Eliza Tillman,Assignment 5,95,12/16/18 20:58,12/15/18 18:00
mb898,Marilie Bauch,Assignment 5,65,12/18/18 10:26,12/15/18 18:00
io275,Isobel Oberbrunner,Assignment 5,61,12/8/18 6:18,12/15/18 18:00
am774,Alvis Mohr,Assignment 5,96,12/17/18 17:56,12/15/18 18:00
ek509,Elwin Koepp,Assignment 5,62,12/9/18 21:46,12/15/18 18:00
hb479,Hassie Bins,Assignment 5,65,12/13/18 0:31,12/15/18 18:00
ro942,Robert O'Kon,Assignment 5,97,12/14/18 21:55,12/15/18 18:00
mz663,Mariane Zulauf,Assignment 5,82,12/17/18 5:21,12/15/18 18:00
tb384,Terrance Brakus,Assignment 5,81,12/19/18 3:02,12/15/18 18:00
lb616,Lucinda Bergnaum,Assignment 5,82,12/14/18 11:43,12/15/18 18:00
ll599,Lura Langworth,Assignment 5,90,12/14/18 4:30,12/15/18 18:00
mh805,Mitchell Hills,Assignment 5,69,12/18/18 0:55,12/15/18 18:00
hs310,Heidi Sawayn,Assignment 5,91,12/13/18 11:20,12/15/18 18:00
an298,Abdullah Nikolaus,Assignment 5,53,12/12/18 10:29,12/15/18 18:00
ko386,Kolby Okuneva,Assignment 5,78,12/18/18 5:05,12/15/18 18:00
su539,Shayne Ullrich,Assignment 5,85,12/15/18 7:14,12/15/18 18:00
ob393,Orrin Bashirian,Assignment 5,86,12/16/18 22:12,12/15/18 18:00
bw499,Bailey Weber IV,Assignment 5,74,12/14/18 23:09,12/15/18 18:00
mc873,Mervin Cole,Assignment 5,83,12/8/18 10:55,12/15/18 18:00
fp153,Freddy Pfannerstill,Assignment 5,,,12/15/18 18:00
rr437,Raquel Romaguera,Assignment 5,59,12/18/18 7:32,12/15/18 18:00
jk597,Jazmin Kuhic,Assignment 5,61,12/19/18 7:27,12/15/18 18:00
ms180,Mallie Simonis,Assignment 5,83,12/11/18 18:08,12/15/18 18:00
js500,Jodie Stark,Assignment 5,92,12/17/18 18:28,12/15/18 18:00
vm985,Vada McLaughlin,Assignment 5,50,12/19/18 23:02,12/15/18 18:00
ta555,Taryn Anderson,Assignment 5,59,12/20/18 17:43,12/15/18 18:00
jd503,Jacquelyn Davis,Assignment 5,84,12/20/18 0:04,12/15/18 18:00
sk537,Sheila Klocko,Assignment 5,73,12/16/18 1:02,12/15/18 18:00
bs507,Baylee Stark,Assignment 5,93,12/14/18 19:46,12/15/18 18:00
ar858,Alejandrin Rohan,Assignment 5,85,12/20/18 20:42,12/15/18 18:00
oh966,Ole Heidenreich,Assignment 5,60,12/19/18 5:23,12/15/18 18:00
mn698,Myrna Nader DDS,Assignment 5,66,12/12/18 10:22,12/15/18 18:00
mj877,Miss Junior Lehner,Assignment 5,70,12/13/18 1:22,12/15/18 18:00
al265,Albertha Lemke,Assignment 5,75,12/16/18 21:49,12/15/18 18:00
ew570,Elza Wehner,Assignment 5,65,12/11/18 3:22,12/15/18 18:00
ma355,Miss Arielle Predovic,Assignment 5,,12/10/18 10:25,12/15/18 18:00
cb462,Curt Beahan,Assignment 5,78,12/12/18 2:57,12/15/18 18:00
js515,Jamal Schneider,Assignment 5,78,12/11/18 14:45,12/15/18 18:00
jk635,Justice Kub I,Assignment 5,92,12/15/18 10:57,12/15/18 18:00
dl257,Dorothea Langosh,Assignment 5,,,12/15/18 18:00
ls526,Lukas Schaden,Assignment 5,70,12/14/18 21:29,12/15/18 18:00
bg495,Barrett Gibson,Assignment 5,64,12/16/18 18:05,12/15/18 18:00
bn978,Bertha Nienow,Assignment 5,68,12/8/18 10:23,12/15/18 18:00
mq505,Miss Quincy Daniel,Assignment 5,71,12/14/18 5:28,12/15/18 18:00
vz454,Vilma Zieme,Assignment 5,72,12/8/18 9:35,12/15/18 18:00
gs996,Gayle Schmitt,InLesson 1,100,10/18/18 7:14,
ml735,Maci Lakin V,InLesson 1,83,10/19/18 23:01,
ec563,Eliezer Casper,InLesson 1,51,10/20/18 13:00,
lm706,Leonie Morissette,InLesson 1,75,10/18/18 15:39,
nj596,Nettie Jacobs,InLesson 1,86,10/18/18 10:59,
et817,Eliza Tillman,InLesson 1,85,10/20/18 20:56,
mb898,Marilie Bauch,InLesson 1,79,10/20/18 0:35,
io275,Isobel Oberbrunner,InLesson 1,75,10/18/18 4:57,
am774,Alvis Mohr,InLesson 1,,10/20/18 19:40,
ek509,Elwin Koepp,InLesson 1,57,10/18/18 7:52,
hb479,Hassie Bins,InLesson 1,69,10/18/18 21:33,
ro942,Robert O'Kon,InLesson 1,94,10/18/18 15:12,
mz663,Mariane Zulauf,InLesson 1,65,10/18/18 7:38,
tb384,Terrance Brakus,InLesson 1,60,10/19/18 14:14,
lb616,Lucinda Bergnaum,InLesson 1,79,10/18/18 23:59,
ll599,Lura Langworth,InLesson 1,56,10/19/18 6:43,
mh805,Mitchell Hills,InLesson 1,81,10/20/18 14:22,
hs310,Heidi Sawayn,InLesson 1,83,10/19/18 13:39,
an298,Abdullah Nikolaus,InLesson 1,100,10/20/18 9:13,
ko386,Kolby Okuneva,InLesson 1,52,10/19/18 7:02,
su539,Shayne Ullrich,InLesson 1,71,10/19/18 16:16,
ob393,Orrin Bashirian,InLesson 1,77,10/19/18 6:33,
bw499,Bailey Weber IV,InLesson 1,96,10/18/18 6:51,
mc873,Mervin Cole,InLesson 1,56,10/20/18 11:26,
fp153,Freddy Pfannerstill,InLesson 1,51,10/18/18 11:34,
rr437,Raquel Romaguera,InLesson 1,60,10/18/18 17:54,
jk597,Jazmin Kuhic,InLesson 1,72,10/19/18 13:11,
ms180,Mallie Simonis,InLesson 1,84,10/20/18 11:07,
js500,Jodie Stark,InLesson 1,86,10/18/18 13:02,
vm985,Vada McLaughlin,InLesson 1,53,10/20/18 5:37,
ta555,Taryn Anderson,InLesson 1,,,
jd503,Jacquelyn Davis,InLesson 1,91,10/18/18 4:27,
sk537,Sheila Klocko,InLesson 1,94,10/19/18 9:40,
bs507,Baylee Stark,InLesson 1,76,10/20/18 17:54,
ar858,Alejandrin Rohan,InLesson 1,60,10/18/18 6:07,
oh966,Ole Heidenreich,InLesson 1,90,10/18/18 20:21,
mn698,Myrna Nader DDS,InLesson 1,98,10/18/18 11:51,
mj877,Miss Junior Lehner,InLesson 1,91,10/20/18 7:45,
al265,Albertha Lemke,InLesson 1,92,10/19/18 6:26,
ew570,Elza Wehner,InLesson 1,72,10/20/18 21:39,
ma355,Miss Arielle Predovic,InLesson 1,51,10/18/18 13:05,
cb462,Curt Beahan,InLesson 1,88,10/19/18 15:14,
js515,Jamal Schneider,InLesson 1,59,10/18/18 4:02,
jk635,Justice Kub I,InLesson 1,69,10/18/18 17:19,
dl257,Dorothea Langosh,InLesson 1,58,10/19/18 18:59,
ls526,Lukas Schaden,InLesson 1,64,10/19/18 17:40,
bg495,Barrett Gibson,InLesson 1,,,
bn978,Bertha Nienow,InLesson 1,96,10/20/18 23:03,
mq505,Miss Quincy Daniel,InLesson 1,72,10/18/18 12:24,
vz454,Vilma Zieme,InLesson 1,91,10/19/18 1:59,
gs996,Gayle Schmitt,InLesson 2,68,11/11/18 9:17,
ml735,Maci Lakin V,InLesson 2,69,11/12/18 19:46,
ec563,Eliezer Casper,InLesson 2,80,11/11/18 17:38,
lm706,Leonie Morissette,InLesson 2,59,11/11/18 3:59,
nj596,Nettie Jacobs,InLesson 2,52,11/12/18 0:39,
et817,Eliza Tillman,InLesson 2,86,11/11/18 16:58,
mb898,Marilie Bauch,InLesson 2,99,11/12/18 0:25,
io275,Isobel Oberbrunner,InLesson 2,96,11/12/18 8:23,
am774,Alvis Mohr,InLesson 2,94,11/12/18 16:30,
ek509,Elwin Koepp,InLesson 2,79,11/12/18 22:39,
hb479,Hassie Bins,InLesson 2,67,11/12/18 18:37,
ro942,Robert O'Kon,InLesson 2,77,11/11/18 18:16,
mz663,Mariane Zulauf,InLesson 2,69,11/11/18 13:58,
tb384,Terrance Brakus,InLesson 2,72,11/12/18 14:55,
lb616,Lucinda Bergnaum,InLesson 2,64,11/11/18 12:27,
ll599,Lura Langworth,InLesson 2,97,11/12/18 8:15,
mh805,Mitchell Hills,InLesson 2,59,11/11/18 21:52,
hs310,Heidi Sawayn,InLesson 2,79,11/11/18 16:42,
an298,Abdullah Nikolaus,InLesson 2,92,11/11/18 21:08,
ko386,Kolby Okuneva,InLesson 2,68,11/11/18 9:38,
su539,Shayne Ullrich,InLesson 2,57,11/11/18 18:30,
ob393,Orrin Bashirian,InLesson 2,68,11/11/18 20:58,
bw499,Bailey Weber IV,InLesson 2,56,11/12/18 10:39,
mc873,Mervin Cole,InLesson 2,97,11/12/18 5:55,
fp153,Freddy Pfannerstill,InLesson 2,57,11/12/18 23:13,
rr437,Raquel Romaguera,InLesson 2,100,11/12/18 23:38,
jk597,Jazmin Kuhic,InLesson 2,91,11/11/18 15:42,
ms180,Mallie Simonis,InLesson 2,99,11/11/18 19:02,
js500,Jodie Stark,InLesson 2,79,11/11/18 3:48,
vm985,Vada McLaughlin,InLesson 2,92,11/12/18 19:45,
ta555,Taryn Anderson,InLesson 2,,11/11/18 8:25,
jd503,Jacquelyn Davis,InLesson 2,70,11/12/18 4:41,
sk537,Sheila Klocko,InLesson 2,100,11/11/18 23:26,
bs507,Baylee Stark,InLesson 2,92,11/11/18 16:00,
ar858,Alejandrin Rohan,InLesson 2,71,11/11/18 17:01,
oh966,Ole Heidenreich,InLesson 2,81,11/12/18 21:01,
mn698,Myrna Nader DDS,InLesson 2,63,11/11/18 1:01,
mj877,Miss Junior Lehner,InLesson 2,99,11/11/18 23:09,
al265,Albertha Lemke,InLesson 2,76,11/11/18 14:54,
ew570,Elza Wehner,InLesson 2,65,11/12/18 13:03,
ma355,Miss Arielle Predovic,InLesson 2,67,11/12/18 0:50,
cb462,Curt Beahan,InLesson 2,71,11/11/18 21:33,
js515,Jamal Schneider,InLesson 2,61,11/11/18 19:11,
jk635,Justice Kub I,InLesson 2,94,11/11/18 1:12,
dl257,Dorothea Langosh,InLesson 2,64,11/12/18 5:20,
ls526,Lukas Schaden,InLesson 2,76,11/12/18 19:20,
bg495,Barrett Gibson,InLesson 2,,,
bn978,Bertha Nienow,InLesson 2,99,11/12/18 4:19,
mq505,Miss Quincy Daniel,InLesson 2,81,11/12/18 2:44,
vz454,Vilma Zieme,InLesson 2,70,11/11/18 16:13,
gs996,Gayle Schmitt,InVideo 1,2,9/8/18 16:54,
ml735,Maci Lakin V,InVideo 1,2,9/10/18 23:17,
ec563,Eliezer Casper,InVideo 1,3,9/8/18 12:08,
lm706,Leonie Morissette,InVideo 1,3,9/8/18 19:42,
nj596,Nettie Jacobs,InVideo 1,1,9/9/18 14:04,
et817,Eliza Tillman,InVideo 1,1,9/10/18 8:22,
mb898,Marilie Bauch,InVideo 1,2,9/10/18 11:00,
io275,Isobel Oberbrunner,InVideo 1,3,9/10/18 21:22,
am774,Alvis Mohr,InVideo 1,3,9/10/18 21:40,
ek509,Elwin Koepp,InVideo 1,0,9/9/18 21:53,
hb479,Hassie Bins,InVideo 1,0,9/9/18 13:22,
ro942,Robert O'Kon,InVideo 1,3,9/10/18 8:09,
mz663,Mariane Zulauf,InVideo 1,0,9/9/18 17:38,
tb384,Terrance Brakus,InVideo 1,3,9/8/18 19:12,
lb616,Lucinda Bergnaum,InVideo 1,3,9/8/18 11:15,
ll599,Lura Langworth,InVideo 1,1,9/8/18 8:42,
mh805,Mitchell Hills,InVideo 1,,,
hs310,Heidi Sawayn,InVideo 1,3,9/8/18 19:47,
an298,Abdullah Nikolaus,InVideo 1,2,9/10/18 14:58,
ko386,Kolby Okuneva,InVideo 1,2,9/10/18 19:23,
su539,Shayne Ullrich,InVideo 1,1,9/9/18 2:48,
ob393,Orrin Bashirian,InVideo 1,,,
bw499,Bailey Weber IV,InVideo 1,0,9/9/18 1:35,
mc873,Mervin Cole,InVideo 1,3,9/10/18 0:25,
fp153,Freddy Pfannerstill,InVideo 1,2,9/9/18 13:32,
rr437,Raquel Romaguera,InVideo 1,0,9/9/18 4:56,
jk597,Jazmin Kuhic,InVideo 1,2,9/9/18 9:10,
ms180,Mallie Simonis,InVideo 1,3,9/8/18 11:33,
js500,Jodie Stark,InVideo 1,3,9/9/18 4:31,
vm985,Vada McLaughlin,InVideo 1,1,9/8/18 3:23,
ta555,Taryn Anderson,InVideo 1,1,9/8/18 17:49,
jd503,Jacquelyn Davis,InVideo 1,0,9/8/18 21:45,
sk537,Sheila Klocko,InVideo 1,0,9/9/18 11:24,
bs507,Baylee Stark,InVideo 1,1,9/9/18 11:06,
ar858,Alejandrin Rohan,InVideo 1,3,9/9/18 8:14,
oh966,Ole Heidenreich,InVideo 1,3,9/9/18 12:52,
mn698,Myrna Nader DDS,InVideo 1,3,9/9/18 13:15,
mj877,Miss Junior Lehner,InVideo 1,0,9/10/18 21:59,
al265,Albertha Lemke,InVideo 1,3,9/10/18 18:42,
ew570,Elza Wehner,InVideo 1,1,9/9/18 20:06,
ma355,Miss Arielle Predovic,InVideo 1,2,9/10/18 19:35,
cb462,Curt Beahan,InVideo 1,2,9/8/18 23:28,
js515,Jamal Schneider,InVideo 1,1,9/10/18 3:18,
jk635,Justice Kub I,InVideo 1,2,9/10/18 21:12,
dl257,Dorothea Langosh,InVideo 1,0,9/10/18 18:03,
ls526,Lukas Schaden,InVideo 1,3,9/9/18 1:17,
bg495,Barrett Gibson,InVideo 1,1,9/9/18 20:14,
bn978,Bertha Nienow,InVideo 1,0,9/9/18 0:56,
mq505,Miss Quincy Daniel,InVideo 1,0,9/9/18 3:00,
vz454,Vilma Zieme,InVideo 1,0,9/10/18 20:46,
gs996,Gayle Schmitt,InVideo 2,1,11/8/18 13:05,
ml735,Maci Lakin V,InVideo 2,0,11/9/18 19:15,
ec563,Eliezer Casper,InVideo 2,0,11/9/18 22:44,
lm706,Leonie Morissette,InVideo 2,1,11/9/18 0:17,
nj596,Nettie Jacobs,InVideo 2,1,11/10/18 13:55,
et817,Eliza Tillman,InVideo 2,1,11/8/18 21:12,
mb898,Marilie Bauch,InVideo 2,,,
io275,Isobel Oberbrunner,InVideo 2,1,11/8/18 21:59,
am774,Alvis Mohr,InVideo 2,0,11/10/18 18:52,
ek509,Elwin Koepp,InVideo 2,,,
hb479,Hassie Bins,InVideo 2,0,11/9/18 23:19,
ro942,Robert O'Kon,InVideo 2,0,11/9/18 15:10,
mz663,Mariane Zulauf,InVideo 2,1,11/8/18 17:20,
tb384,Terrance Brakus,InVideo 2,0,11/10/18 4:26,
lb616,Lucinda Bergnaum,InVideo 2,1,11/8/18 22:15,
ll599,Lura Langworth,InVideo 2,0,11/8/18 5:46,
mh805,Mitchell Hills,InVideo 2,0,11/8/18 13:26,
hs310,Heidi Sawayn,InVideo 2,1,11/10/18 19:39,
an298,Abdullah Nikolaus,InVideo 2,0,11/10/18 6:17,
ko386,Kolby Okuneva,InVideo 2,0,11/8/18 19:18,
su539,Shayne Ullrich,InVideo 2,0,11/10/18 4:36,
ob393,Orrin Bashirian,InVideo 2,,,
bw499,Bailey Weber IV,InVideo 2,0,11/9/18 1:17,
mc873,Mervin Cole,InVideo 2,1,11/10/18 2:19,
fp153,Freddy Pfannerstill,InVideo 2,1,11/9/18 8:14,
rr437,Raquel Romaguera,InVideo 2,0,11/8/18 10:25,
jk597,Jazmin Kuhic,InVideo 2,1,11/9/18 4:09,
ms180,Mallie Simonis,InVideo 2,1,11/8/18 14:07,
js500,Jodie Stark,InVideo 2,1,11/8/18 17:05,
vm985,Vada McLaughlin,InVideo 2,,,
ta555,Taryn Anderson,InVideo 2,1,11/10/18 3:54,
jd503,Jacquelyn Davis,InVideo 2,0,11/9/18 9:51,
sk537,Sheila Klocko,InVideo 2,0,11/8/18 10:32,
bs507,Baylee Stark,InVideo 2,0,11/10/18 15:14,
ar858,Alejandrin Rohan,InVideo 2,1,11/8/18 4:03,
oh966,Ole Heidenreich,InVideo 2,1,11/9/18 6:17,
mn698,Myrna Nader DDS,InVideo 2,1,11/8/18 10:06,
mj877,Miss Junior Lehner,InVideo 2,0,11/8/18 14:55,
al265,Albertha Lemke,InVideo 2,1,11/9/18 14:21,
ew570,Elza Wehner,InVideo 2,1,11/9/18 11:49,
ma355,Miss Arielle Predovic,InVideo 2,0,11/10/18 6:41,
cb462,Curt Beahan,InVideo 2,0,11/8/18 14:18,
js515,Jamal Schneider,InVideo 2,,,
jk635,Justice Kub I,InVideo 2,0,11/10/18 19:46,
dl257,Dorothea Langosh,InVideo 2,0,11/10/18 23:43,
ls526,Lukas Schaden,InVideo 2,0,11/8/18 17:21,
bg495,Barrett Gibson,InVideo 2,0,11/8/18 2:11,
bn978,Bertha Nienow,InVideo 2,1,11/9/18 10:35,
mq505,Miss Quincy Daniel,InVideo 2,1,11/8/18 11:34,
vz454,Vilma Zieme,InVideo 2,1,11/9/18 19:09,
gs996,Gayle Schmitt,InVideo 3,4,10/8/18 2:36,
ml735,Maci Lakin V,InVideo 3,5,10/9/18 10:11,
ec563,Eliezer Casper,InVideo 3,,10/10/18 17:46,
lm706,Leonie Morissette,InVideo 3,,,
nj596,Nettie Jacobs,InVideo 3,1,10/10/18 20:06,
et817,Eliza Tillman,InVideo 3,5,10/8/18 17:40,
mb898,Marilie Bauch,InVideo 3,4,10/8/18 3:59,
io275,Isobel Oberbrunner,InVideo 3,5,10/8/18 8:58,
am774,Alvis Mohr,InVideo 3,5,10/9/18 13:08,
ek509,Elwin Koepp,InVideo 3,1,10/9/18 6:01,
hb479,Hassie Bins,InVideo 3,5,10/8/18 6:44,
ro942,Robert O'Kon,InVideo 3,5,10/9/18 12:50,
mz663,Mariane Zulauf,InVideo 3,4,10/9/18 4:46,
tb384,Terrance Brakus,InVideo 3,5,10/10/18 12:44,
lb616,Lucinda Bergnaum,InVideo 3,4,10/9/18 0:17,
ll599,Lura Langworth,InVideo 3,1,10/8/18 6:29,
mh805,Mitchell Hills,InVideo 3,,10/10/18 14:17,
hs310,Heidi Sawayn,InVideo 3,5,10/9/18 8:15,
an298,Abdullah Nikolaus,InVideo 3,3,10/9/18 3:02,
ko386,Kolby Okuneva,InVideo 3,1,10/8/18 7:33,
su539,Shayne Ullrich,InVideo 3,3,10/9/18 12:55,
ob393,Orrin Bashirian,InVideo 3,,10/10/18 2:59,
bw499,Bailey Weber IV,InVideo 3,2,10/9/18 13:57,
mc873,Mervin Cole,InVideo 3,4,10/10/18 17:34,
fp153,Freddy Pfannerstill,InVideo 3,1,10/8/18 21:17,
rr437,Raquel Romaguera,InVideo 3,4,10/8/18 20:42,
jk597,Jazmin Kuhic,InVideo 3,4,10/8/18 20:03,
ms180,Mallie Simonis,InVideo 3,4,10/8/18 3:36,
js500,Jodie Stark,InVideo 3,4,10/9/18 16:27,
vm985,Vada McLaughlin,InVideo 3,2,10/8/18 3:21,
ta555,Taryn Anderson,InVideo 3,,,
jd503,Jacquelyn Davis,InVideo 3,5,10/10/18 14:14,
sk537,Sheila Klocko,InVideo 3,3,10/9/18 18:31,
bs507,Baylee Stark,InVideo 3,2,10/10/18 6:52,
ar858,Alejandrin Rohan,InVideo 3,4,10/10/18 3:33,
oh966,Ole Heidenreich,InVideo 3,2,10/9/18 0:25,
mn698,Myrna Nader DDS,InVideo 3,,10/10/18 12:34,
mj877,Miss Junior Lehner,InVideo 3,1,10/10/18 21:05,
al265,Albertha Lemke,InVideo 3,1,10/10/18 6:03,
ew570,Elza Wehner,InVideo 3,1,10/10/18 21:26,
ma355,Miss Arielle Predovic,InVideo 3,5,10/8/18 15:42,
cb462,Curt Beahan,InVideo 3,5,10/10/18 1:22,
js515,Jamal Schneider,InVideo 3,5,10/10/18 15:02,
jk635,Justice Kub I,InVideo 3,3,10/9/18 10:19,
dl257,Dorothea Langosh,InVideo 3,1,10/10/18 5:08,
ls526,Lukas Schaden,InVideo 3,4,10/8/18 9:03,
bg495,Barrett Gibson,InVideo 3,3,10/10/18 7:39,
bn978,Bertha Nienow,InVideo 3,5,10/10/18 7:15,
mq505,Miss Quincy Daniel,InVideo 3,3,10/8/18 5:12,
vz454,Vilma Zieme,InVideo 3,,10/10/18 4:08,
gs996,Gayle Schmitt,Quiz 1,98,9/6/18 12:03,
ml735,Maci Lakin V,Quiz 1,78,9/5/18 12:31,
ec563,Eliezer Casper,Quiz 1,81,9/1/18 11:39,
lm706,Leonie Morissette,Quiz 1,67,9/1/18 2:20,
nj596,Nettie Jacobs,Quiz 1,66,9/5/18 2:55,
et817,Eliza Tillman,Quiz 1,58,9/5/18 2:15,
mb898,Marilie Bauch,Quiz 1,76,9/6/18 19:56,
io275,Isobel Oberbrunner,Quiz 1,77,9/4/18 21:13,
am774,Alvis Mohr,Quiz 1,88,9/1/18 16:16,
ek509,Elwin Koepp,Quiz 1,,9/1/18 13:21,
hb479,Hassie Bins,Quiz 1,90,9/5/18 7:28,
ro942,Robert O'Kon,Quiz 1,98,9/6/18 4:53,
mz663,Mariane Zulauf,Quiz 1,67,9/6/18 18:31,
tb384,Terrance Brakus,Quiz 1,79,9/4/18 9:09,
lb616,Lucinda Bergnaum,Quiz 1,51,9/2/18 0:05,
ll599,Lura Langworth,Quiz 1,50,9/5/18 22:41,
mh805,Mitchell Hills,Quiz 1,61,9/4/18 12:07,
hs310,Heidi Sawayn,Quiz 1,74,9/5/18 20:16,
an298,Abdullah Nikolaus,Quiz 1,,,
ko386,Kolby Okuneva,Quiz 1,83,9/2/18 0:35,
su539,Shayne Ullrich,Quiz 1,98,9/2/18 3:35,
ob393,Orrin Bashirian,Quiz 1,84,9/4/18 11:55,
bw499,Bailey Weber IV,Quiz 1,67,9/6/18 16:51,
mc873,Mervin Cole,Quiz 1,79,9/5/18 19:40,
fp153,Freddy Pfannerstill,Quiz 1,51,9/1/18 5:54,
rr437,Raquel Romaguera,Quiz 1,54,9/7/18 15:51,
jk597,Jazmin Kuhic,Quiz 1,90,9/7/18 20:02,
ms180,Mallie Simonis,Quiz 1,94,9/1/18 20:48,
js500,Jodie Stark,Quiz 1,57,9/2/18 2:31,
vm985,Vada McLaughlin,Quiz 1,50,9/5/18 11:41,
ta555,Taryn Anderson,Quiz 1,83,9/4/18 23:41,
jd503,Jacquelyn Davis,Quiz 1,87,9/7/18 11:16,
sk537,Sheila Klocko,Quiz 1,,,
bs507,Baylee Stark,Quiz 1,99,9/3/18 8:32,
ar858,Alejandrin Rohan,Quiz 1,69,9/5/18 7:48,
oh966,Ole Heidenreich,Quiz 1,71,9/1/18 3:32,
mn698,Myrna Nader DDS,Quiz 1,79,9/5/18 1:19,
mj877,Miss Junior Lehner,Quiz 1,86,9/6/18 15:40,
al265,Albertha Lemke,Quiz 1,62,9/3/18 11:54,
ew570,Elza Wehner,Quiz 1,63,9/1/18 1:36,
ma355,Miss Arielle Predovic,Quiz 1,89,9/7/18 22:45,
cb462,Curt Beahan,Quiz 1,53,9/1/18 5:05,
js515,Jamal Schneider,Quiz 1,75,9/5/18 10:09,
jk635,Justice Kub I,Quiz 1,90,9/6/18 21:05,
dl257,Dorothea Langosh,Quiz 1,51,9/3/18 2:00,
ls526,Lukas Schaden,Quiz 1,91,9/7/18 23:01,
bg495,Barrett Gibson,Quiz 1,82,9/4/18 23:35,
bn978,Bertha Nienow,Quiz 1,93,9/4/18 14:40,
mq505,Miss Quincy Daniel,Quiz 1,100,9/2/18 18:28,
vz454,Vilma Zieme,Quiz 1,70,9/6/18 12:52,
gs996,Gayle Schmitt,Quiz 10,78,12/8/18 20:29,
ml735,Maci Lakin V,Quiz 10,,12/8/18 18:32,
ec563,Eliezer Casper,Quiz 10,59,12/8/18 10:37,
lm706,Leonie Morissette,Quiz 10,97,12/8/18 6:57,
nj596,Nettie Jacobs,Quiz 10,74,12/8/18 15:44,
et817,Eliza Tillman,Quiz 10,85,12/8/18 1:40,
mb898,Marilie Bauch,Quiz 10,58,12/8/18 11:29,
io275,Isobel Oberbrunner,Quiz 10,71,12/8/18 21:54,
am774,Alvis Mohr,Quiz 10,71,12/8/18 22:44,
ek509,Elwin Koepp,Quiz 10,58,12/8/18 9:38,
hb479,Hassie Bins,Quiz 10,68,12/8/18 0:36,
ro942,Robert O'Kon,Quiz 10,64,12/8/18 20:33,
mz663,Mariane Zulauf,Quiz 10,82,12/8/18 20:54,
tb384,Terrance Brakus,Quiz 10,69,12/8/18 11:40,
lb616,Lucinda Bergnaum,Quiz 10,87,12/8/18 11:30,
ll599,Lura Langworth,Quiz 10,80,12/8/18 11:24,
mh805,Mitchell Hills,Quiz 10,69,12/8/18 9:22,
hs310,Heidi Sawayn,Quiz 10,56,12/8/18 8:14,
an298,Abdullah Nikolaus,Quiz 10,,,
ko386,Kolby Okuneva,Quiz 10,74,12/8/18 22:54,
su539,Shayne Ullrich,Quiz 10,60,12/8/18 0:22,
ob393,Orrin Bashirian,Quiz 10,89,12/8/18 19:34,
bw499,Bailey Weber IV,Quiz 10,67,12/8/18 12:46,
mc873,Mervin Cole,Quiz 10,89,12/8/18 0:24,
fp153,Freddy Pfannerstill,Quiz 10,81,12/8/18 0:51,
rr437,Raquel Romaguera,Quiz 10,54,12/8/18 2:15,
jk597,Jazmin Kuhic,Quiz 10,52,12/8/18 6:12,
ms180,Mallie Simonis,Quiz 10,56,12/8/18 23:37,
js500,Jodie Stark,Quiz 10,84,12/8/18 6:22,
vm985,Vada McLaughlin,Quiz 10,99,12/8/18 22:40,
ta555,Taryn Anderson,Quiz 10,66,12/8/18 15:09,
jd503,Jacquelyn Davis,Quiz 10,67,12/8/18 1:04,
sk537,Sheila Klocko,Quiz 10,79,12/8/18 13:47,
bs507,Baylee Stark,Quiz 10,63,12/8/18 12:15,
ar858,Alejandrin Rohan,Quiz 10,53,12/8/18 1:55,
oh966,Ole Heidenreich,Quiz 10,90,12/8/18 14:29,
mn698,Myrna Nader DDS,Quiz 10,78,12/8/18 12:58,
mj877,Miss Junior Lehner,Quiz 10,98,12/8/18 16:34,
al265,Albertha Lemke,Quiz 10,71,12/8/18 14:33,
ew570,Elza Wehner,Quiz 10,58,12/8/18 2:58,
ma355,Miss Arielle Predovic,Quiz 10,84,12/8/18 10:03,
cb462,Curt Beahan,Quiz 10,81,12/8/18 7:43,
js515,Jamal Schneider,Quiz 10,73,12/8/18 22:35,
jk635,Justice Kub I,Quiz 10,98,12/8/18 23:46,
dl257,Dorothea Langosh,Quiz 10,52,12/8/18 5:37,
ls526,Lukas Schaden,Quiz 10,69,12/8/18 14:23,
bg495,Barrett Gibson,Quiz 10,63,12/8/18 5:45,
bn978,Bertha Nienow,Quiz 10,84,12/8/18 12:11,
mq505,Miss Quincy Daniel,Quiz 10,,12/8/18 5:07,
vz454,Vilma Zieme,Quiz 10,,12/8/18 10:34,
gs996,Gayle Schmitt,Quiz 2,50,9/16/18 21:29,
ml735,Maci Lakin V,Quiz 2,77,9/12/18 12:53,
ec563,Eliezer Casper,Quiz 2,68,9/10/18 11:39,
lm706,Leonie Morissette,Quiz 2,59,9/14/18 22:46,
nj596,Nettie Jacobs,Quiz 2,79,9/13/18 10:17,
et817,Eliza Tillman,Quiz 2,97,9/17/18 4:06,
mb898,Marilie Bauch,Quiz 2,50,9/12/18 10:22,
io275,Isobel Oberbrunner,Quiz 2,99,9/17/18 12:24,
am774,Alvis Mohr,Quiz 2,69,9/12/18 18:44,
ek509,Elwin Koepp,Quiz 2,84,9/15/18 19:22,
hb479,Hassie Bins,Quiz 2,97,9/10/18 6:04,
ro942,Robert O'Kon,Quiz 2,94,9/12/18 15:56,
mz663,Mariane Zulauf,Quiz 2,100,9/16/18 5:01,
tb384,Terrance Brakus,Quiz 2,93,9/14/18 6:12,
lb616,Lucinda Bergnaum,Quiz 2,82,9/11/18 4:04,
ll599,Lura Langworth,Quiz 2,84,9/13/18 8:01,
mh805,Mitchell Hills,Quiz 2,,,
hs310,Heidi Sawayn,Quiz 2,51,9/11/18 16:58,
an298,Abdullah Nikolaus,Quiz 2,82,9/13/18 23:55,
ko386,Kolby Okuneva,Quiz 2,60,9/15/18 1:35,
su539,Shayne Ullrich,Quiz 2,82,9/12/18 20:08,
ob393,Orrin Bashirian,Quiz 2,65,9/10/18 19:53,
bw499,Bailey Weber IV,Quiz 2,77,9/16/18 17:54,
mc873,Mervin Cole,Quiz 2,59,9/15/18 0:25,
fp153,Freddy Pfannerstill,Quiz 2,53,9/14/18 11:39,
rr437,Raquel Romaguera,Quiz 2,,,
jk597,Jazmin Kuhic,Quiz 2,93,9/17/18 19:39,
ms180,Mallie Simonis,Quiz 2,82,9/12/18 11:08,
js500,Jodie Stark,Quiz 2,91,9/16/18 18:35,
vm985,Vada McLaughlin,Quiz 2,68,9/13/18 9:57,
ta555,Taryn Anderson,Quiz 2,71,9/11/18 23:34,
jd503,Jacquelyn Davis,Quiz 2,,,
sk537,Sheila Klocko,Quiz 2,84,9/10/18 8:47,
bs507,Baylee Stark,Quiz 2,52,9/14/18 13:02,
ar858,Alejandrin Rohan,Quiz 2,62,9/12/18 14:52,
oh966,Ole Heidenreich,Quiz 2,90,9/14/18 10:37,
mn698,Myrna Nader DDS,Quiz 2,,9/12/18 18:55,
mj877,Miss Junior Lehner,Quiz 2,85,9/13/18 21:09,
al265,Albertha Lemke,Quiz 2,85,9/11/18 23:22,
ew570,Elza Wehner,Quiz 2,66,9/16/18 19:37,
ma355,Miss Arielle Predovic,Quiz 2,78,9/14/18 15:40,
cb462,Curt Beahan,Quiz 2,61,9/17/18 14:43,
js515,Jamal Schneider,Quiz 2,86,9/14/18 8:20,
jk635,Justice Kub I,Quiz 2,71,9/11/18 19:13,
dl257,Dorothea Langosh,Quiz 2,97,9/14/18 9:45,
ls526,Lukas Schaden,Quiz 2,70,9/13/18 7:40,
bg495,Barrett Gibson,Quiz 2,92,9/12/18 11:58,
bn978,Bertha Nienow,Quiz 2,62,9/10/18 13:39,
mq505,Miss Quincy Daniel,Quiz 2,69,9/14/18 23:28,
vz454,Vilma Zieme,Quiz 2,54,9/15/18 11:38,
gs996,Gayle Schmitt,Quiz 3,58,9/21/18 16:32,
ml735,Maci Lakin V,Quiz 3,90,9/27/18 23:39,
ec563,Eliezer Casper,Quiz 3,99,9/23/18 21:56,
lm706,Leonie Morissette,Quiz 3,88,9/26/18 13:24,
nj596,Nettie Jacobs,Quiz 3,59,9/23/18 2:49,
et817,Eliza Tillman,Quiz 3,,,
mb898,Marilie Bauch,Quiz 3,55,9/27/18 20:28,
io275,Isobel Oberbrunner,Quiz 3,65,9/26/18 23:29,
am774,Alvis Mohr,Quiz 3,99,9/22/18 16:57,
ek509,Elwin Koepp,Quiz 3,57,9/22/18 12:53,
hb479,Hassie Bins,Quiz 3,63,9/27/18 10:17,
ro942,Robert O'Kon,Quiz 3,69,9/23/18 19:34,
mz663,Mariane Zulauf,Quiz 3,51,9/24/18 11:10,
tb384,Terrance Brakus,Quiz 3,72,9/20/18 2:11,
lb616,Lucinda Bergnaum,Quiz 3,91,9/26/18 23:06,
ll599,Lura Langworth,Quiz 3,55,9/23/18 22:56,
mh805,Mitchell Hills,Quiz 3,83,9/26/18 21:47,
hs310,Heidi Sawayn,Quiz 3,83,9/21/18 0:47,
an298,Abdullah Nikolaus,Quiz 3,,,
ko386,Kolby Okuneva,Quiz 3,,9/21/18 23:16,
su539,Shayne Ullrich,Quiz 3,100,9/23/18 5:37,
ob393,Orrin Bashirian,Quiz 3,88,9/27/18 22:26,
bw499,Bailey Weber IV,Quiz 3,91,9/22/18 6:33,
mc873,Mervin Cole,Quiz 3,62,9/24/18 2:15,
fp153,Freddy Pfannerstill,Quiz 3,,,
rr437,Raquel Romaguera,Quiz 3,88,9/23/18 0:56,
jk597,Jazmin Kuhic,Quiz 3,85,9/22/18 23:42,
ms180,Mallie Simonis,Quiz 3,82,9/25/18 23:11,
js500,Jodie Stark,Quiz 3,65,9/24/18 8:16,
vm985,Vada McLaughlin,Quiz 3,72,9/22/18 10:48,
ta555,Taryn Anderson,Quiz 3,66,9/21/18 10:57,
jd503,Jacquelyn Davis,Quiz 3,94,9/24/18 1:03,
sk537,Sheila Klocko,Quiz 3,92,9/22/18 16:08,
bs507,Baylee Stark,Quiz 3,63,9/25/18 13:31,
ar858,Alejandrin Rohan,Quiz 3,88,9/22/18 23:50,
oh966,Ole Heidenreich,Quiz 3,82,9/20/18 20:23,
mn698,Myrna Nader DDS,Quiz 3,96,9/26/18 19:34,
mj877,Miss Junior Lehner,Quiz 3,61,9/27/18 23:40,
al265,Albertha Lemke,Quiz 3,75,9/23/18 3:12,
ew570,Elza Wehner,Quiz 3,97,9/22/18 11:08,
ma355,Miss Arielle Predovic,Quiz 3,80,9/21/18 8:11,
cb462,Curt Beahan,Quiz 3,83,9/21/18 12:21,
js515,Jamal Schneider,Quiz 3,90,9/24/18 12:48,
jk635,Justice Kub I,Quiz 3,88,9/26/18 22:11,
dl257,Dorothea Langosh,Quiz 3,96,9/20/18 19:37,
ls526,Lukas Schaden,Quiz 3,83,9/24/18 22:19,
bg495,Barrett Gibson,Quiz 3,60,9/22/18 10:21,
bn978,Bertha Nienow,Quiz 3,78,9/27/18 10:25,
mq505,Miss Quincy Daniel,Quiz 3,54,9/25/18 15:25,
vz454,Vilma Zieme,Quiz 3,76,9/23/18 15:54,
gs996,Gayle Schmitt,Quiz 4,,10/2/18 6:37,
ml735,Maci Lakin V,Quiz 4,89,10/6/18 13:10,
ec563,Eliezer Casper,Quiz 4,58,10/6/18 10:10,
lm706,Leonie Morissette,Quiz 4,58,10/7/18 14:30,
nj596,Nettie Jacobs,Quiz 4,,10/4/18 8:32,
et817,Eliza Tillman,Quiz 4,93,10/6/18 17:57,
mb898,Marilie Bauch,Quiz 4,90,10/5/18 21:22,
io275,Isobel Oberbrunner,Quiz 4,74,10/4/18 14:28,
am774,Alvis Mohr,Quiz 4,58,10/6/18 13:01,
ek509,Elwin Koepp,Quiz 4,81,10/5/18 1:13,
hb479,Hassie Bins,Quiz 4,76,10/5/18 13:10,
ro942,Robert O'Kon,Quiz 4,82,10/5/18 10:14,
mz663,Mariane Zulauf,Quiz 4,57,10/2/18 11:37,
tb384,Terrance Brakus,Quiz 4,77,10/1/18 14:04,
lb616,Lucinda Bergnaum,Quiz 4,74,10/5/18 13:29,
ll599,Lura Langworth,Quiz 4,78,10/7/18 5:32,
mh805,Mitchell Hills,Quiz 4,88,10/3/18 20:21,
hs310,Heidi Sawayn,Quiz 4,,,
an298,Abdullah Nikolaus,Quiz 4,91,10/4/18 13:51,
ko386,Kolby Okuneva,Quiz 4,95,10/1/18 19:34,
su539,Shayne Ullrich,Quiz 4,,,
ob393,Orrin Bashirian,Quiz 4,56,10/5/18 1:34,
bw499,Bailey Weber IV,Quiz 4,53,10/6/18 11:06,
mc873,Mervin Cole,Quiz 4,95,10/5/18 4:59,
fp153,Freddy Pfannerstill,Quiz 4,76,10/4/18 11:59,
rr437,Raquel Romaguera,Quiz 4,84,10/3/18 6:46,
jk597,Jazmin Kuhic,Quiz 4,,,
ms180,Mallie Simonis,Quiz 4,64,10/3/18 8:28,
js500,Jodie Stark,Quiz 4,,,
vm985,Vada McLaughlin,Quiz 4,69,10/5/18 4:02,
ta555,Taryn Anderson,Quiz 4,,10/2/18 7:58,
jd503,Jacquelyn Davis,Quiz 4,51,10/5/18 22:43,
sk537,Sheila Klocko,Quiz 4,89,10/1/18 18:25,
bs507,Baylee Stark,Quiz 4,83,10/2/18 14:36,
ar858,Alejandrin Rohan,Quiz 4,60,10/2/18 21:07,
oh966,Ole Heidenreich,Quiz 4,,10/1/18 16:53,
mn698,Myrna Nader DDS,Quiz 4,82,10/7/18 19:02,
mj877,Miss Junior Lehner,Quiz 4,76,10/1/18 13:13,
al265,Albertha Lemke,Quiz 4,,10/5/18 9:23,
ew570,Elza Wehner,Quiz 4,94,10/4/18 14:04,
ma355,Miss Arielle Predovic,Quiz 4,60,10/7/18 2:55,
cb462,Curt Beahan,Quiz 4,69,10/7/18 17:57,
js515,Jamal Schneider,Quiz 4,79,10/5/18 15:33,
jk635,Justice Kub I,Quiz 4,99,10/6/18 18:49,
dl257,Dorothea Langosh,Quiz 4,68,10/5/18 19:43,
ls526,Lukas Schaden,Quiz 4,72,10/4/18 17:36,
bg495,Barrett Gibson,Quiz 4,96,10/5/18 7:56,
bn978,Bertha Nienow,Quiz 4,65,10/7/18 11:31,
mq505,Miss Quincy Daniel,Quiz 4,51,10/6/18 0:47,
vz454,Vilma Zieme,Quiz 4,53,10/2/18 4:42,
gs996,Gayle Schmitt,Quiz 5,75,10/16/18 9:50,
ml735,Maci Lakin V,Quiz 5,55,10/12/18 16:28,
ec563,Eliezer Casper,Quiz 5,94,10/14/18 19:49,
lm706,Leonie Morissette,Quiz 5,71,10/13/18 3:52,
nj596,Nettie Jacobs,Quiz 5,53,10/12/18 5:47,
et817,Eliza Tillman,Quiz 5,68,10/13/18 16:26,
mb898,Marilie Bauch,Quiz 5,54,10/12/18 20:08,
io275,Isobel Oberbrunner,Quiz 5,,,
am774,Alvis Mohr,Quiz 5,84,10/17/18 13:54,
ek509,Elwin Koepp,Quiz 5,,10/17/18 20:37,
hb479,Hassie Bins,Quiz 5,98,10/13/18 0:48,
ro942,Robert O'Kon,Quiz 5,89,10/11/18 15:43,
mz663,Mariane Zulauf,Quiz 5,73,10/11/18 23:37,
tb384,Terrance Brakus,Quiz 5,52,10/17/18 22:51,
lb616,Lucinda Bergnaum,Quiz 5,92,10/15/18 4:25,
ll599,Lura Langworth,Quiz 5,60,10/15/18 19:04,
mh805,Mitchell Hills,Quiz 5,76,10/17/18 8:21,
hs310,Heidi Sawayn,Quiz 5,62,10/17/18 0:53,
an298,Abdullah Nikolaus,Quiz 5,92,10/12/18 22:25,
ko386,Kolby Okuneva,Quiz 5,93,10/13/18 17:32,
su539,Shayne Ullrich,Quiz 5,78,10/11/18 12:08,
ob393,Orrin Bashirian,Quiz 5,80,10/12/18 17:27,
bw499,Bailey Weber IV,Quiz 5,94,10/13/18 12:26,
mc873,Mervin Cole,Quiz 5,55,10/17/18 8:01,
fp153,Freddy Pfannerstill,Quiz 5,85,10/13/18 3:50,
rr437,Raquel Romaguera,Quiz 5,58,10/15/18 10:18,
jk597,Jazmin Kuhic,Quiz 5,75,10/15/18 12:10,
ms180,Mallie Simonis,Quiz 5,77,10/15/18 7:19,
js500,Jodie Stark,Quiz 5,72,10/17/18 14:09,
vm985,Vada McLaughlin,Quiz 5,99,10/16/18 15:34,
ta555,Taryn Anderson,Quiz 5,66,10/12/18 3:53,
jd503,Jacquelyn Davis,Quiz 5,50,10/11/18 11:45,
sk537,Sheila Klocko,Quiz 5,55,10/11/18 20:50,
bs507,Baylee Stark,Quiz 5,66,10/11/18 15:49,
ar858,Alejandrin Rohan,Quiz 5,55,10/12/18 6:07,
oh966,Ole Heidenreich,Quiz 5,74,10/16/18 6:38,
mn698,Myrna Nader DDS,Quiz 5,91,10/15/18 13:17,
mj877,Miss Junior Lehner,Quiz 5,,,
al265,Albertha Lemke,Quiz 5,55,10/17/18 10:40,
ew570,Elza Wehner,Quiz 5,88,10/13/18 17:57,
ma355,Miss Arielle Predovic,Quiz 5,,,
cb462,Curt Beahan,Quiz 5,93,10/15/18 22:59,
js515,Jamal Schneider,Quiz 5,78,10/16/18 13:30,
jk635,Justice Kub I,Quiz 5,88,10/11/18 11:38,
dl257,Dorothea Langosh,Quiz 5,81,10/16/18 9:15,
ls526,Lukas Schaden,Quiz 5,53,10/15/18 23:31,
bg495,Barrett Gibson,Quiz 5,,10/11/18 9:40,
bn978,Bertha Nienow,Quiz 5,82,10/13/18 4:37,
mq505,Miss Quincy Daniel,Quiz 5,90,10/16/18 6:19,
vz454,Vilma Zieme,Quiz 5,53,10/13/18 2:43,
gs996,Gayle Schmitt,Quiz 6,57,10/11/18 20:46,
ml735,Maci Lakin V,Quiz 6,98,10/11/18 17:50,
ec563,Eliezer Casper,Quiz 6,98,10/11/18 13:16,
lm706,Leonie Morissette,Quiz 6,71,10/11/18 2:18,
nj596,Nettie Jacobs,Quiz 6,70,10/11/18 19:44,
et817,Eliza Tillman,Quiz 6,97,10/11/18 1:53,
mb898,Marilie Bauch,Quiz 6,65,10/11/18 4:41,
io275,Isobel Oberbrunner,Quiz 6,73,10/11/18 3:31,
am774,Alvis Mohr,Quiz 6,79,10/11/18 13:08,
ek509,Elwin Koepp,Quiz 6,95,10/11/18 14:31,
hb479,Hassie Bins,Quiz 6,56,10/11/18 23:16,
ro942,Robert O'Kon,Quiz 6,64,10/11/18 7:04,
mz663,Mariane Zulauf,Quiz 6,,10/11/18 20:38,
tb384,Terrance Brakus,Quiz 6,,,
lb616,Lucinda Bergnaum,Quiz 6,97,10/11/18 16:05,
ll599,Lura Langworth,Quiz 6,59,10/11/18 3:39,
mh805,Mitchell Hills,Quiz 6,61,10/11/18 3:17,
hs310,Heidi Sawayn,Quiz 6,,10/11/18 4:33,
an298,Abdullah Nikolaus,Quiz 6,63,10/11/18 2:31,
ko386,Kolby Okuneva,Quiz 6,73,10/11/18 0:33,
su539,Shayne Ullrich,Quiz 6,76,10/11/18 20:54,
ob393,Orrin Bashirian,Quiz 6,85,10/11/18 3:28,
bw499,Bailey Weber IV,Quiz 6,73,10/11/18 16:42,
mc873,Mervin Cole,Quiz 6,77,10/11/18 7:15,
fp153,Freddy Pfannerstill,Quiz 6,73,10/11/18 4:43,
rr437,Raquel Romaguera,Quiz 6,91,10/11/18 23:34,
jk597,Jazmin Kuhic,Quiz 6,70,10/11/18 9:13,
ms180,Mallie Simonis,Quiz 6,98,10/11/18 12:04,
js500,Jodie Stark,Quiz 6,67,10/11/18 8:04,
vm985,Vada McLaughlin,Quiz 6,87,10/11/18 16:31,
ta555,Taryn Anderson,Quiz 6,,10/11/18 21:20,
jd503,Jacquelyn Davis,Quiz 6,72,10/11/18 21:10,
sk537,Sheila Klocko,Quiz 6,70,10/11/18 4:40,
bs507,Baylee Stark,Quiz 6,89,10/11/18 10:30,
ar858,Alejandrin Rohan,Quiz 6,65,10/11/18 20:40,
oh966,Ole Heidenreich,Quiz 6,53,10/11/18 2:03,
mn698,Myrna Nader DDS,Quiz 6,61,10/11/18 6:26,
mj877,Miss Junior Lehner,Quiz 6,94,10/11/18 1:19,
al265,Albertha Lemke,Quiz 6,83,10/11/18 5:37,
ew570,Elza Wehner,Quiz 6,53,10/11/18 5:53,
ma355,Miss Arielle Predovic,Quiz 6,69,10/11/18 21:01,
cb462,Curt Beahan,Quiz 6,82,10/11/18 12:07,
js515,Jamal Schneider,Quiz 6,58,10/11/18 2:56,
jk635,Justice Kub I,Quiz 6,84,10/11/18 11:11,
dl257,Dorothea Langosh,Quiz 6,67,10/11/18 5:48,
ls526,Lukas Schaden,Quiz 6,77,10/11/18 18:17,
bg495,Barrett Gibson,Quiz 6,,10/11/18 22:50,
bn978,Bertha Nienow,Quiz 6,56,10/11/18 17:12,
mq505,Miss Quincy Daniel,Quiz 6,,,
vz454,Vilma Zieme,Quiz 6,,10/11/18 2:30,
gs996,Gayle Schmitt,Quiz 7,66,11/12/18 2:50,
ml735,Maci Lakin V,Quiz 7,52,11/12/18 16:50,
ec563,Eliezer Casper,Quiz 7,,11/12/18 9:10,
lm706,Leonie Morissette,Quiz 7,93,11/12/18 14:24,
nj596,Nettie Jacobs,Quiz 7,96,11/12/18 8:16,
et817,Eliza Tillman,Quiz 7,85,11/12/18 10:21,
mb898,Marilie Bauch,Quiz 7,74,11/12/18 6:51,
io275,Isobel Oberbrunner,Quiz 7,57,11/12/18 7:26,
am774,Alvis Mohr,Quiz 7,70,11/12/18 2:34,
ek509,Elwin Koepp,Quiz 7,,,
hb479,Hassie Bins,Quiz 7,83,11/12/18 0:44,
ro942,Robert O'Kon,Quiz 7,50,11/12/18 12:50,
mz663,Mariane Zulauf,Quiz 7,53,11/12/18 22:18,
tb384,Terrance Brakus,Quiz 7,93,11/12/18 0:58,
lb616,Lucinda Bergnaum,Quiz 7,65,11/12/18 16:37,
ll599,Lura Langworth,Quiz 7,61,11/12/18 5:47,
mh805,Mitchell Hills,Quiz 7,,11/12/18 2:25,
hs310,Heidi Sawayn,Quiz 7,50,11/12/18 7:03,
an298,Abdullah Nikolaus,Quiz 7,69,11/12/18 1:25,
ko386,Kolby Okuneva,Quiz 7,68,11/12/18 15:48,
su539,Shayne Ullrich,Quiz 7,52,11/12/18 8:50,
ob393,Orrin Bashirian,Quiz 7,99,11/12/18 11:44,
bw499,Bailey Weber IV,Quiz 7,92,11/12/18 7:56,
mc873,Mervin Cole,Quiz 7,,11/12/18 22:13,
fp153,Freddy Pfannerstill,Quiz 7,81,11/12/18 11:31,
rr437,Raquel Romaguera,Quiz 7,73,11/12/18 2:03,
jk597,Jazmin Kuhic,Quiz 7,62,11/12/18 1:35,
ms180,Mallie Simonis,Quiz 7,60,11/12/18 13:54,
js500,Jodie Stark,Quiz 7,75,11/12/18 23:57,
vm985,Vada McLaughlin,Quiz 7,76,11/12/18 7:05,
ta555,Taryn Anderson,Quiz 7,90,11/12/18 3:33,
jd503,Jacquelyn Davis,Quiz 7,87,11/12/18 14:52,
sk537,Sheila Klocko,Quiz 7,86,11/12/18 16:45,
bs507,Baylee Stark,Quiz 7,98,11/12/18 20:00,
ar858,Alejandrin Rohan,Quiz 7,80,11/12/18 21:47,
oh966,Ole Heidenreich,Quiz 7,66,11/12/18 20:56,
mn698,Myrna Nader DDS,Quiz 7,77,11/12/18 23:42,
mj877,Miss Junior Lehner,Quiz 7,89,11/12/18 0:47,
al265,Albertha Lemke,Quiz 7,,11/12/18 17:17,
ew570,Elza Wehner,Quiz 7,63,11/12/18 8:41,
ma355,Miss Arielle Predovic,Quiz 7,57,11/12/18 5:04,
cb462,Curt Beahan,Quiz 7,95,11/12/18 0:06,
js515,Jamal Schneider,Quiz 7,,11/12/18 7:30,
jk635,Justice Kub I,Quiz 7,73,11/12/18 11:27,
dl257,Dorothea Langosh,Quiz 7,53,11/12/18 9:48,
ls526,Lukas Schaden,Quiz 7,60,11/12/18 22:38,
bg495,Barrett Gibson,Quiz 7,81,11/12/18 17:48,
bn978,Bertha Nienow,Quiz 7,97,11/12/18 17:53,
mq505,Miss Quincy Daniel,Quiz 7,91,11/12/18 1:49,
vz454,Vilma Zieme,Quiz 7,56,11/12/18 15:51,
gs996,Gayle Schmitt,Quiz 8,55,11/30/18 12:35,
ml735,Maci Lakin V,Quiz 8,,11/30/18 3:58,
ec563,Eliezer Casper,Quiz 8,87,11/30/18 18:13,
lm706,Leonie Morissette,Quiz 8,56,11/30/18 21:22,
nj596,Nettie Jacobs,Quiz 8,79,11/30/18 15:16,
et817,Eliza Tillman,Quiz 8,87,11/30/18 4:07,
mb898,Marilie Bauch,Quiz 8,86,11/30/18 20:10,
io275,Isobel Oberbrunner,Quiz 8,53,11/30/18 23:29,
am774,Alvis Mohr,Quiz 8,69,11/30/18 5:19,
ek509,Elwin Koepp,Quiz 8,54,11/30/18 10:56,
hb479,Hassie Bins,Quiz 8,72,11/30/18 17:10,
ro942,Robert O'Kon,Quiz 8,82,11/30/18 1:53,
mz663,Mariane Zulauf,Quiz 8,54,11/30/18 15:24,
tb384,Terrance Brakus,Quiz 8,98,11/30/18 2:11,
lb616,Lucinda Bergnaum,Quiz 8,,,
ll599,Lura Langworth,Quiz 8,93,11/30/18 2:21,
mh805,Mitchell Hills,Quiz 8,60,11/30/18 3:56,
hs310,Heidi Sawayn,Quiz 8,90,11/30/18 14:44,
an298,Abdullah Nikolaus,Quiz 8,84,11/30/18 3:47,
ko386,Kolby Okuneva,Quiz 8,76,11/30/18 5:41,
su539,Shayne Ullrich,Quiz 8,84,11/30/18 23:03,
ob393,Orrin Bashirian,Quiz 8,98,11/30/18 23:31,
bw499,Bailey Weber IV,Quiz 8,67,11/30/18 20:16,
mc873,Mervin Cole,Quiz 8,81,11/30/18 2:55,
fp153,Freddy Pfannerstill,Quiz 8,,,
rr437,Raquel Romaguera,Quiz 8,75,11/30/18 14:40,
jk597,Jazmin Kuhic,Quiz 8,70,11/30/18 18:02,
ms180,Mallie Simonis,Quiz 8,88,11/30/18 5:00,
js500,Jodie Stark,Quiz 8,64,11/30/18 19:47,
vm985,Vada McLaughlin,Quiz 8,86,11/30/18 1:22,
ta555,Taryn Anderson,Quiz 8,83,11/30/18 1:18,
jd503,Jacquelyn Davis,Quiz 8,78,11/30/18 8:17,
sk537,Sheila Klocko,Quiz 8,52,11/30/18 8:20,
bs507,Baylee Stark,Quiz 8,95,11/30/18 3:54,
ar858,Alejandrin Rohan,Quiz 8,99,11/30/18 14:47,
oh966,Ole Heidenreich,Quiz 8,66,11/30/18 3:17,
mn698,Myrna Nader DDS,Quiz 8,59,11/30/18 13:47,
mj877,Miss Junior Lehner,Quiz 8,77,11/30/18 23:57,
al265,Albertha Lemke,Quiz 8,53,11/30/18 3:19,
ew570,Elza Wehner,Quiz 8,73,11/30/18 0:12,
ma355,Miss Arielle Predovic,Quiz 8,50,11/30/18 22:00,
cb462,Curt Beahan,Quiz 8,52,11/30/18 5:50,
js515,Jamal Schneider,Quiz 8,62,11/30/18 20:49,
jk635,Justice Kub I,Quiz 8,95,11/30/18 16:31,
dl257,Dorothea Langosh,Quiz 8,,,
ls526,Lukas Schaden,Quiz 8,100,11/30/18 3:35,
bg495,Barrett Gibson,Quiz 8,67,11/30/18 4:38,
bn978,Bertha Nienow,Quiz 8,81,11/30/18 3:51,
mq505,Miss Quincy Daniel,Quiz 8,,11/30/18 21:57,
vz454,Vilma Zieme,Quiz 8,98,11/30/18 16:30,
gs996,Gayle Schmitt,Quiz 9,95,12/3/18 1:48,
ml735,Maci Lakin V,Quiz 9,63,12/3/18 0:05,
ec563,Eliezer Casper,Quiz 9,61,12/3/18 5:25,
lm706,Leonie Morissette,Quiz 9,71,12/3/18 23:53,
nj596,Nettie Jacobs,Quiz 9,79,12/3/18 4:43,
et817,Eliza Tillman,Quiz 9,,,
mb898,Marilie Bauch,Quiz 9,68,12/3/18 16:25,
io275,Isobel Oberbrunner,Quiz 9,96,12/3/18 18:36,
am774,Alvis Mohr,Quiz 9,,,
ek509,Elwin Koepp,Quiz 9,58,12/3/18 7:43,
hb479,Hassie Bins,Quiz 9,,,
ro942,Robert O'Kon,Quiz 9,,12/3/18 21:10,
mz663,Mariane Zulauf,Quiz 9,81,12/3/18 13:39,
tb384,Terrance Brakus,Quiz 9,75,12/3/18 19:49,
lb616,Lucinda Bergnaum,Quiz 9,58,12/3/18 0:21,
ll599,Lura Langworth,Quiz 9,68,12/3/18 21:49,
mh805,Mitchell Hills,Quiz 9,57,12/3/18 12:49,
hs310,Heidi Sawayn,Quiz 9,83,12/3/18 11:06,
an298,Abdullah Nikolaus,Quiz 9,,,
ko386,Kolby Okuneva,Quiz 9,93,12/3/18 6:06,
su539,Shayne Ullrich,Quiz 9,55,12/3/18 7:35,
ob393,Orrin Bashirian,Quiz 9,54,12/3/18 17:28,
bw499,Bailey Weber IV,Quiz 9,70,12/3/18 4:30,
mc873,Mervin Cole,Quiz 9,92,12/3/18 18:45,
fp153,Freddy Pfannerstill,Quiz 9,76,12/3/18 11:28,
rr437,Raquel Romaguera,Quiz 9,,12/3/18 14:47,
jk597,Jazmin Kuhic,Quiz 9,99,12/3/18 15:03,
ms180,Mallie Simonis,Quiz 9,50,12/3/18 21:43,
js500,Jodie Stark,Quiz 9,52,12/3/18 16:32,
vm985,Vada McLaughlin,Quiz 9,71,12/3/18 21:31,
ta555,Taryn Anderson,Quiz 9,89,12/3/18 13:01,
jd503,Jacquelyn Davis,Quiz 9,50,12/3/18 15:35,
sk537,Sheila Klocko,Quiz 9,61,12/3/18 2:34,
bs507,Baylee Stark,Quiz 9,85,12/3/18 3:01,
ar858,Alejandrin Rohan,Quiz 9,96,12/3/18 2:27,
oh966,Ole Heidenreich,Quiz 9,90,12/3/18 23:53,
mn698,Myrna Nader DDS,Quiz 9,54,12/3/18 11:50,
mj877,Miss Junior Lehner,Quiz 9,56,12/3/18 1:11,
al265,Albertha Lemke,Quiz 9,66,12/3/18 6:51,
ew570,Elza Wehner,Quiz 9,93,12/3/18 14:28,
ma355,Miss Arielle Predovic,Quiz 9,67,12/3/18 21:29,
cb462,Curt Beahan,Quiz 9,84,12/3/18 4:52,
js515,Jamal Schneider,Quiz 9,55,12/3/18 5:59,
jk635,Justice Kub I,Quiz 9,92,12/3/18 20:23,
dl257,Dorothea Langosh,Quiz 9,77,12/3/18 11:24,
ls526,Lukas Schaden,Quiz 9,75,12/3/18 5:46,
bg495,Barrett Gibson,Quiz 9,77,12/3/18 12:16,
bn978,Bertha Nienow,Quiz 9,56,12/3/18 22:38,
mq505,Miss Quincy Daniel,Quiz 9,99,12/3/18 1:56,
vz454,Vilma Zieme,Quiz 9,63,12/3/18 18:40,